1,25000,Coahuila de Zaragoza,Saltillo,Saltillo,Colonia,Saltillo Centro,25001
2,25010,Coahuila de Zaragoza,Saltillo,Saltillo,Colonia,Vista Hermosa,25001
3,25010,Coahuila de Zaragoza,Saltillo,Saltillo,Fraccionamiento,La Fuente,25001
4,25010,Coahuila de Zaragoza,Saltillo,Saltillo,Colonia,Privada la Mision,25001
5,25010,Coahuila de Zaragoza,Saltillo,Saltillo,Colonia,Privada la Campana,25001
6,25010,Coahuila de Zaragoza,Saltillo,Saltillo,Colonia,Nuevo Saltillo,25001
7,25010,Coahuila de Zaragoza,Saltillo,Saltillo,Fraccionamiento,Privada de San Javier,25001
8,25010,Coahuila de Zaragoza,Saltillo,Saltillo,Colonia,Solidaridad,25001
9,25010,Coahuila de Zaragoza,Saltillo,Saltillo,Fraccionamiento,Parajes de la Sierra,25001
10,25013,Coahuila de Zaragoza,Saltillo,Saltillo,Colonia,15 de Septiembre,25001
11,25013,Coahuila de Zaragoza,Saltillo,Saltillo,Fraccionamiento,Villa Morelos,25001
12,25013,Coahuila de Zaragoza,Saltillo,Saltillo,Fraccionamiento,Milenio,25001
13,25013,Coahuila de Zaragoza,Saltillo,Saltillo,Colonia,El Monte del Sinai,25001
14,25013,Coahuila de Zaragoza,Saltillo,Saltillo,Fraccionamiento,Cordillera,25001
15,25013,Coahuila de Zaragoza,Saltillo,Saltillo,Fraccionamiento,La Cascada,25001
16,25013,Coahuila de Zaragoza,Saltillo,Saltillo,Colonia,Ampliacion Morelos,25001
17,25013,Coahuila de Zaragoza,Saltillo,Saltillo,Fraccionamiento,Amistad,25001
18,25013,Coahuila de Zaragoza,Saltillo,Saltillo,Fraccionamiento,Morelos Nueva Creación,25001
19,25013,Coahuila de Zaragoza,Saltillo,Saltillo,Fraccionamiento,Balcones de Morelos,25001
20,25013,Coahuila de Zaragoza,Saltillo,Saltillo,Fraccionamiento,Valle de Morelos,25001
21,25013,Coahuila de Zaragoza,Saltillo,Saltillo,Zona industrial,Parque Industrial Amistad,25001
22,25013,Coahuila de Zaragoza,Saltillo,Saltillo,Colonia,Privada Morelos,25001
23,25013,Coahuila de Zaragoza,Saltillo,Saltillo,Fraccionamiento,Colibrí,25001
24,25014,Coahuila de Zaragoza,Saltillo,Saltillo,Colonia,10 de Abril,25001
25,25014,Coahuila de Zaragoza,Saltillo,Saltillo,Colonia,San Pedro de los Pinos,25001
26,25014,Coahuila de Zaragoza,Saltillo,Saltillo,Colonia,Cecilia Ocelli de Salinas,25001
27,25015,Coahuila de Zaragoza,Saltillo,Saltillo,Colonia,Fundadores,25001
28,25015,Coahuila de Zaragoza,Saltillo,Saltillo,Fraccionamiento,El Pedregal,25001
29,25015,Coahuila de Zaragoza,Saltillo,Saltillo,Colonia,Fuentes del Pedregal,25001
30,25015,Coahuila de Zaragoza,Saltillo,Saltillo,Colonia,Edgar Puente,25001
31,25015,Coahuila de Zaragoza,Saltillo,Saltillo,Colonia,Nueva Vida,25001
32,25015,Coahuila de Zaragoza,Saltillo,Saltillo,Colonia,Villa de Santiago,25001
33,25015,Coahuila de Zaragoza,Saltillo,Saltillo,Colonia,Lomas del Pedregal,25001
34,25015,Coahuila de Zaragoza,Saltillo,Saltillo,Fraccionamiento,Lomas de Zapaliname,25001
35,25015,Coahuila de Zaragoza,Saltillo,Saltillo,Colonia,Valle de las Aves,25001
36,25015,Coahuila de Zaragoza,Saltillo,Saltillo,Colonia,Salomón Abedrop,25001
37,25015,Coahuila de Zaragoza,Saltillo,Saltillo,Colonia,Lomas de San Francisco,25001
38,25015,Coahuila de Zaragoza,Saltillo,Saltillo,Colonia,Nueva Independencia,25001
39,25015,Coahuila de Zaragoza,Saltillo,Saltillo,Colonia,Nuevo Progreso,25001
40,25015,Coahuila de Zaragoza,Saltillo,Saltillo,Colonia,Introductores de Ganado,25001
41,25016,Coahuila de Zaragoza,Saltillo,Saltillo,Fraccionamiento,Ignacio Zaragoza,25001
42,25016,Coahuila de Zaragoza,Saltillo,Saltillo,Fraccionamiento,Residencial los Rosales,25001
43,25016,Coahuila de Zaragoza,Saltillo,Saltillo,Fraccionamiento,Colinas de Santiago,25001
44,25016,Coahuila de Zaragoza,Saltillo,Saltillo,Colonia,Popular Loma Blanca,25001
45,25016,Coahuila de Zaragoza,Saltillo,Saltillo,Fraccionamiento,Sierra Alta Residencial,25001
46,25016,Coahuila de Zaragoza,Saltillo,Saltillo,Fraccionamiento,Prados de San José,25001
47,25016,Coahuila de Zaragoza,Saltillo,Saltillo,Fraccionamiento,Tres Vientos,25001
48,25016,Coahuila de Zaragoza,Saltillo,Saltillo,Fraccionamiento,Valle de los Almendros,25001
49,25016,Coahuila de Zaragoza,Saltillo,Saltillo,Fraccionamiento,Privada Villas de San José,25001
50,25016,Coahuila de Zaragoza,Saltillo,Saltillo,Fraccionamiento,Ciudad Mirasierra,25001
51,25016,Coahuila de Zaragoza,Saltillo,Saltillo,Fraccionamiento,Lomas del Bosque,25001
52,25016,Coahuila de Zaragoza,Saltillo,Saltillo,Fraccionamiento,Puerta del Oriente,25001
53,25016,Coahuila de Zaragoza,Saltillo,Saltillo,Fraccionamiento,Privadas la Torre,25001
54,25016,Coahuila de Zaragoza,Saltillo,Saltillo,Fraccionamiento,Privada los Magueyes,25001
55,25016,Coahuila de Zaragoza,Saltillo,Saltillo,Colonia,Loma Linda,25001
56,25016,Coahuila de Zaragoza,Saltillo,Saltillo,Colonia,Gaspar Valdez,25001
57,25016,Coahuila de Zaragoza,Saltillo,Saltillo,Fraccionamiento,Real del Sol,25001
58,25016,Coahuila de Zaragoza,Saltillo,Saltillo,Fraccionamiento,Recreativo Sección 38,25001
59,25016,Coahuila de Zaragoza,Saltillo,Saltillo,Colonia,Francisco I Madero Rústico,25001
60,25016,Coahuila de Zaragoza,Saltillo,Saltillo,Fraccionamiento,Nuevo Mirasierra,25001
61,25016,Coahuila de Zaragoza,Saltillo,Saltillo,Fraccionamiento,Privadas Sierras del Oriente,25001
62,25016,Coahuila de Zaragoza,Saltillo,Saltillo,Fraccionamiento,Sierra Blanca,25001
63,25016,Coahuila de Zaragoza,Saltillo,Saltillo,Fraccionamiento,Misión Cerritos,25001
64,25016,Coahuila de Zaragoza,Saltillo,Saltillo,Fraccionamiento,Santa Lucía,25001
65,25017,Coahuila de Zaragoza,Saltillo,Saltillo,Fraccionamiento,Ampliación Valle de Morelos,25001
66,25017,Coahuila de Zaragoza,Saltillo,Saltillo,Colonia,Morelos,25001
67,25017,Coahuila de Zaragoza,Saltillo,Saltillo,Colonia,Ampliación Morelos Segundo Sector,25001
68,25019,Coahuila de Zaragoza,Saltillo,Saltillo,Colonia,Conquistadores,25001
69,25019,Coahuila de Zaragoza,Saltillo,Saltillo,Fraccionamiento,Privada Nogal I,25001
70,25019,Coahuila de Zaragoza,Saltillo,Saltillo,Colonia,La Nogalera,25001
71,25019,Coahuila de Zaragoza,Saltillo,Saltillo,Colonia,El Cerrito,25001
72,25019,Coahuila de Zaragoza,Saltillo,Saltillo,Colonia,Nueva Tlaxcala,25001
73,25019,Coahuila de Zaragoza,Saltillo,Saltillo,Colonia,Rubén Jaramillo,25001
74,25019,Coahuila de Zaragoza,Saltillo,Saltillo,Colonia,Tierra y Libertad,25001
75,25019,Coahuila de Zaragoza,Saltillo,Saltillo,Colonia,La Morita,25001
76,25019,Coahuila de Zaragoza,Saltillo,Saltillo,Colonia,Nueva Imagen,25001
77,25019,Coahuila de Zaragoza,Saltillo,Saltillo,Colonia,El Ejido,25001
78,25019,Coahuila de Zaragoza,Saltillo,Saltillo,Fraccionamiento,El Nogalar,25001
79,25019,Coahuila de Zaragoza,Saltillo,Saltillo,Colonia,Nuevo Amanecer,25001
80,25019,Coahuila de Zaragoza,Saltillo,Saltillo,Colonia,Las Candelarias,25001
81,25019,Coahuila de Zaragoza,Saltillo,Saltillo,Colonia,Postal Cerritos,25001
82,25019,Coahuila de Zaragoza,Saltillo,Saltillo,Colonia,San José,25001
83,25019,Coahuila de Zaragoza,Saltillo,Saltillo,Fraccionamiento,Los Lirios,25001
84,25019,Coahuila de Zaragoza,Saltillo,Saltillo,Fraccionamiento,Candelarias Residencial,25001
85,25019,Coahuila de Zaragoza,Saltillo,Saltillo,Colonia,Santa María,25001
86,25019,Coahuila de Zaragoza,Saltillo,Saltillo,Colonia,Las Maravillas,25001
87,25019,Coahuila de Zaragoza,Saltillo,Saltillo,Fraccionamiento,Villa Fundadores,25001
88,25020,Coahuila de Zaragoza,Saltillo,Saltillo,Colonia,Provivienda,25001
89,25020,Coahuila de Zaragoza,Saltillo,Saltillo,Colonia,San Ramón,25001
90,25020,Coahuila de Zaragoza,Saltillo,Saltillo,Colonia,Urdiñola,25001
91,25020,Coahuila de Zaragoza,Saltillo,Saltillo,Colonia,Zapaliname,25001
92,25020,Coahuila de Zaragoza,Saltillo,Saltillo,Colonia,Indio,25001
93,25020,Coahuila de Zaragoza,Saltillo,Saltillo,Fraccionamiento,San Esteban,25001
94,25020,Coahuila de Zaragoza,Saltillo,Saltillo,Colonia,Valle de San Ramón,25001
95,25022,Coahuila de Zaragoza,Saltillo,Saltillo,Equipamiento,Centro Metropolitano,25001
96,25022,Coahuila de Zaragoza,Saltillo,Saltillo,Equipamiento,Parque las Maravillas,25001
97,25023,Coahuila de Zaragoza,Saltillo,Saltillo,Colonia,Universidad Pueblo,25001
98,25023,Coahuila de Zaragoza,Saltillo,Saltillo,Fraccionamiento,Montevista,25001
99,25023,Coahuila de Zaragoza,Saltillo,Saltillo,Fraccionamiento,Cantabria,25001
100,25023,Coahuila de Zaragoza,Saltillo,Saltillo,Colonia,La Palma,25001
101,25023,Coahuila de Zaragoza,Saltillo,Saltillo,Colonia,El Paraíso,25001
102,25023,Coahuila de Zaragoza,Saltillo,Saltillo,Colonia,San Vicente,25001
103,25023,Coahuila de Zaragoza,Saltillo,Saltillo,Colonia,Arboledas Popular,25001
104,25023,Coahuila de Zaragoza,Saltillo,Saltillo,Colonia,Loma Bonita,25001
105,25023,Coahuila de Zaragoza,Saltillo,Saltillo,Colonia,Valle de las Palmas,25001
106,25023,Coahuila de Zaragoza,Saltillo,Saltillo,Fraccionamiento,Valle de Santa Elena,25001
107,25023,Coahuila de Zaragoza,Saltillo,Saltillo,Fraccionamiento,La Rosaleda,25001
108,25030,Coahuila de Zaragoza,Saltillo,Saltillo,Colonia,Agua Azul,25001
109,25030,Coahuila de Zaragoza,Saltillo,Saltillo,Colonia,Arcos de Belén,25001
110,25030,Coahuila de Zaragoza,Saltillo,Saltillo,Colonia,González Cepeda,25001
111,25030,Coahuila de Zaragoza,Saltillo,Saltillo,Colonia,Loma de Santa Anita,25001
112,25034,Coahuila de Zaragoza,Saltillo,Saltillo,Fraccionamiento,Magisterio Sección 38,25001
113,25034,Coahuila de Zaragoza,Saltillo,Saltillo,Colonia,Santa Anita,25001
114,25034,Coahuila de Zaragoza,Saltillo,Saltillo,Colonia,Esther Santos,25001
115,25036,Coahuila de Zaragoza,Saltillo,Saltillo,Colonia,Huertas de Venancio,25001
116,25038,Coahuila de Zaragoza,Saltillo,Saltillo,Colonia,Condesa,25001
117,25038,Coahuila de Zaragoza,Saltillo,Saltillo,Colonia,Ampliación San Ramón,25001
118,25039,Coahuila de Zaragoza,Saltillo,Saltillo,Colonia,Deimos,25001
119,25040,Coahuila de Zaragoza,Saltillo,Saltillo,Colonia,Ojo de Agua,25001
120,25040,Coahuila de Zaragoza,Saltillo,Saltillo,Fraccionamiento,San Lorenzo,25001
121,25040,Coahuila de Zaragoza,Saltillo,Saltillo,Barrio,Barrio Santa Anita,25001
122,25040,Coahuila de Zaragoza,Saltillo,Saltillo,Colonia,Viramontes,25001
123,25040,Coahuila de Zaragoza,Saltillo,Saltillo,Colonia,Balcones de Bellavista,25001
124,25043,Coahuila de Zaragoza,Saltillo,Saltillo,Colonia,Héroes de Chapultepec,25001
125,25045,Coahuila de Zaragoza,Saltillo,Saltillo,Colonia,Zapateros,25001
126,25045,Coahuila de Zaragoza,Saltillo,Saltillo,Fraccionamiento,Portal de Santiago,25001
127,25047,Coahuila de Zaragoza,Saltillo,Saltillo,Fraccionamiento,Los Álamos,25001
128,25048,Coahuila de Zaragoza,Saltillo,Saltillo,Colonia,Burócratas del Estado,25001
129,25048,Coahuila de Zaragoza,Saltillo,Saltillo,Colonia,Lomas de Chapultepec,25001
130,25049,Coahuila de Zaragoza,Saltillo,Saltillo,Colonia,Santa María,25001
131,25049,Coahuila de Zaragoza,Saltillo,Saltillo,Colonia,Simón Bolívar,25001
132,25049,Coahuila de Zaragoza,Saltillo,Saltillo,Barrio,Águila de Oro,25001
133,25050,Coahuila de Zaragoza,Saltillo,Saltillo,Colonia,Benito Juárez,25001
134,25050,Coahuila de Zaragoza,Saltillo,Saltillo,Colonia,María del Carmen Cabello,25001
135,25050,Coahuila de Zaragoza,Saltillo,Saltillo,Colonia,Centenario,25001
136,25050,Coahuila de Zaragoza,Saltillo,Saltillo,Colonia,Chapultepec,25001
137,25050,Coahuila de Zaragoza,Saltillo,Saltillo,Colonia,La Madrid,25001
138,25050,Coahuila de Zaragoza,Saltillo,Saltillo,Colonia,Rosa María Gutiérrez,25001
139,25056,Coahuila de Zaragoza,Saltillo,Saltillo,Colonia,El Salvador,25001
140,25057,Coahuila de Zaragoza,Saltillo,Saltillo,Fraccionamiento,El Volcán,25001
141,25057,Coahuila de Zaragoza,Saltillo,Saltillo,Fraccionamiento,Los Nogales,25001
142,25057,Coahuila de Zaragoza,Saltillo,Saltillo,Colonia,Jesús Cabello,25001
143,25057,Coahuila de Zaragoza,Saltillo,Saltillo,Colonia,Lomas de San Javier,25001
144,25057,Coahuila de Zaragoza,Saltillo,Saltillo,Fraccionamiento,Colinas de San Francisco,25001
145,25057,Coahuila de Zaragoza,Saltillo,Saltillo,Fraccionamiento,La Herradura,25001
146,25057,Coahuila de Zaragoza,Saltillo,Saltillo,Fraccionamiento,Los Nogales II,25001
147,25057,Coahuila de Zaragoza,Saltillo,Saltillo,Fraccionamiento,Parajes de Oriente,25001
148,25060,Coahuila de Zaragoza,Saltillo,Saltillo,Colonia,Bellavista,25001
149,25060,Coahuila de Zaragoza,Saltillo,Saltillo,Unidad habitacional,Francisco I Madero,25001
150,25060,Coahuila de Zaragoza,Saltillo,Saltillo,Colonia,Segovia Gil,25001
151,25060,Coahuila de Zaragoza,Saltillo,Saltillo,Colonia,Lázaro Cárdenas,25001
152,25060,Coahuila de Zaragoza,Saltillo,Saltillo,Colonia,Los Arcos,25001
153,25060,Coahuila de Zaragoza,Saltillo,Saltillo,Colonia,Lucio Blanco,25001
154,25060,Coahuila de Zaragoza,Saltillo,Saltillo,Colonia,Miravalle,25001
155,25060,Coahuila de Zaragoza,Saltillo,Saltillo,Colonia,San Lorenzo Oriente,25001
156,25060,Coahuila de Zaragoza,Saltillo,Saltillo,Colonia,Luis Donaldo Colosio,25001
157,25060,Coahuila de Zaragoza,Saltillo,Saltillo,Fraccionamiento,Acueducto,25001
158,25060,Coahuila de Zaragoza,Saltillo,Saltillo,Colonia,La Central,25001
159,25060,Coahuila de Zaragoza,Saltillo,Saltillo,Colonia,Bellavista Mesa de Arizpe,25001
160,25065,Coahuila de Zaragoza,Saltillo,Saltillo,Colonia,Huertas de San Lorenzo,25001
161,25065,Coahuila de Zaragoza,Saltillo,Saltillo,Colonia,15 de Abril,25001
162,25065,Coahuila de Zaragoza,Saltillo,Saltillo,Fraccionamiento,Cerrada San Lorenzo,25001
163,25065,Coahuila de Zaragoza,Saltillo,Saltillo,Colonia,Jesús Garcia Corona,25001
164,25065,Coahuila de Zaragoza,Saltillo,Saltillo,Colonia,Patria Libre,25001
165,25065,Coahuila de Zaragoza,Saltillo,Saltillo,Colonia,Nueva Reforma,25001
166,25067,Coahuila de Zaragoza,Saltillo,Saltillo,Colonia,Quinta Valle,25001
167,25068,Coahuila de Zaragoza,Saltillo,Saltillo,Colonia,Quinta Esmeralda,25001
168,25069,Coahuila de Zaragoza,Saltillo,Saltillo,Colonia,Villa Universidad,25001
169,25069,Coahuila de Zaragoza,Saltillo,Saltillo,Colonia,Valle de Lourdes,25001
170,25069,Coahuila de Zaragoza,Saltillo,Saltillo,Fraccionamiento,Las Haciendas,25001
171,25070,Coahuila de Zaragoza,Saltillo,Saltillo,Colonia,Landin,25001
172,25070,Coahuila de Zaragoza,Saltillo,Saltillo,Colonia,Lomas de Guadalupe,25001
173,25070,Coahuila de Zaragoza,Saltillo,Saltillo,Colonia,Lourdes,25001
174,25070,Coahuila de Zaragoza,Saltillo,Saltillo,Fraccionamiento,Privada Obregón Sur,25001
175,25070,Coahuila de Zaragoza,Saltillo,Saltillo,Colonia,Balcones de Landin,25001
176,25070,Coahuila de Zaragoza,Saltillo,Saltillo,Fraccionamiento,Lomas de Landín,25001
177,25070,Coahuila de Zaragoza,Saltillo,Saltillo,Fraccionamiento,Privada Rincón de Salazar,25001
178,25075,Coahuila de Zaragoza,Saltillo,Saltillo,Colonia,26 de Marzo,25001
179,25075,Coahuila de Zaragoza,Saltillo,Saltillo,Colonia,Ferrocarrilero 7 de Noviembre,25001
180,25076,Coahuila de Zaragoza,Saltillo,Saltillo,Colonia,Buenos Aires,25001
181,25077,Coahuila de Zaragoza,Saltillo,Saltillo,Colonia,Los Balcones de Buenavista,25001
182,25077,Coahuila de Zaragoza,Saltillo,Saltillo,Colonia,Valle Alto,25001
183,25080,Coahuila de Zaragoza,Saltillo,Saltillo,Colonia,Eulalio Gutiérrez Treviño,25001
184,25080,Coahuila de Zaragoza,Saltillo,Saltillo,Colonia,Girasol,25001
185,25080,Coahuila de Zaragoza,Saltillo,Saltillo,Fraccionamiento,Parques de la Cañada,25001
186,25080,Coahuila de Zaragoza,Saltillo,Saltillo,Colonia,Froylán Mier Narro,25001
187,25080,Coahuila de Zaragoza,Saltillo,Saltillo,Colonia,Los Periodistas,25001
188,25083,Coahuila de Zaragoza,Saltillo,Saltillo,Colonia,El Refugio la Soledad,25001
189,25083,Coahuila de Zaragoza,Saltillo,Saltillo,Fraccionamiento,Hacienda del Refugio,25001
190,25083,Coahuila de Zaragoza,Saltillo,Saltillo,Zona industrial,Parque Industrial la Angostura,25001
191,25083,Coahuila de Zaragoza,Saltillo,Saltillo,Fraccionamiento,Sierra del Sur,25001
192,25083,Coahuila de Zaragoza,Saltillo,Saltillo,Equipamiento,Hacienda el Mimbre,25001
193,25083,Coahuila de Zaragoza,Saltillo,Saltillo,Zona industrial,Amistad Alianzas,25001
194,25084,Coahuila de Zaragoza,Saltillo,Saltillo,Colonia,Lomas del Sur,25001
195,25084,Coahuila de Zaragoza,Saltillo,Saltillo,Colonia,Valle de San Lorenzo,25001
196,25084,Coahuila de Zaragoza,Saltillo,Saltillo,Colonia,La Estrella,25001
197,25084,Coahuila de Zaragoza,Saltillo,Saltillo,Zona militar,69 Batallón de Infantería,25001
198,25084,Coahuila de Zaragoza,Saltillo,Saltillo,Fraccionamiento,Las Teresitas,25001
199,25084,Coahuila de Zaragoza,Saltillo,Saltillo,Fraccionamiento,Niños Héroes,25001
200,25084,Coahuila de Zaragoza,Saltillo,Saltillo,Fraccionamiento,Lomas del Refugio,25001
201,25084,Coahuila de Zaragoza,Saltillo,Saltillo,Colonia,Las Rosas,25001
202,25084,Coahuila de Zaragoza,Saltillo,Saltillo,Fraccionamiento,Colinas de San Lorenzo,25001
203,25084,Coahuila de Zaragoza,Saltillo,Saltillo,Fraccionamiento,Parajes de Santa Elena,25001
204,25084,Coahuila de Zaragoza,Saltillo,Saltillo,Fraccionamiento,Hacienda las Isabeles,25001
205,25084,Coahuila de Zaragoza,Saltillo,Saltillo,Fraccionamiento,Villas de la Angostura,25001
206,25084,Coahuila de Zaragoza,Saltillo,Saltillo,Fraccionamiento,Ampliación la Estrella,25001
207,25084,Coahuila de Zaragoza,Saltillo,Saltillo,Fraccionamiento,Nuevo Teresitas,25001
208,25085,Coahuila de Zaragoza,Saltillo,Saltillo,Colonia,Guadalupe Victoria,25001
209,25085,Coahuila de Zaragoza,Saltillo,Saltillo,Fraccionamiento,Rincón de Foret,25001
210,25085,Coahuila de Zaragoza,Saltillo,Saltillo,Fraccionamiento,Foret,25001
211,25085,Coahuila de Zaragoza,Saltillo,Saltillo,Colonia,Genaro Vázquez Rojas,25001
212,25085,Coahuila de Zaragoza,Saltillo,Saltillo,Colonia,El Latifundio,25001
213,25086,Coahuila de Zaragoza,Saltillo,Saltillo,Colonia,Burócratas Municipales,25001
214,25086,Coahuila de Zaragoza,Saltillo,Saltillo,Colonia,Ampliación 26 de Marzo,25001
215,25086,Coahuila de Zaragoza,Saltillo,Saltillo,Fraccionamiento,Privada Colombia,25001
216,25087,Coahuila de Zaragoza,Saltillo,Saltillo,Colonia,Ampliación Girasol,25001
217,25088,Coahuila de Zaragoza,Saltillo,Saltillo,Fraccionamiento,Hacienda Narro,25001
218,25088,Coahuila de Zaragoza,Saltillo,Saltillo,Fraccionamiento,Villas de San Francisco,25001
219,25088,Coahuila de Zaragoza,Saltillo,Saltillo,Colonia,Viñedos el Álamo,25001
220,25088,Coahuila de Zaragoza,Saltillo,Saltillo,Colonia,Agua Nueva,25001
221,25088,Coahuila de Zaragoza,Saltillo,Saltillo,Colonia,Ricardo Flores Magón,25001
222,25088,Coahuila de Zaragoza,Saltillo,Saltillo,Colonia,Nueva Jerusalén,25001
223,25088,Coahuila de Zaragoza,Saltillo,Saltillo,Colonia,El Álamo,25001
224,25088,Coahuila de Zaragoza,Saltillo,Saltillo,Colonia,23 de Noviembre,25001
225,25088,Coahuila de Zaragoza,Saltillo,Saltillo,Colonia,El Progreso,25001
226,25088,Coahuila de Zaragoza,Saltillo,Saltillo,Colonia,María del Carmen Cavazos,25001
227,25088,Coahuila de Zaragoza,Saltillo,Saltillo,Fraccionamiento,Australia,25001
228,25088,Coahuila de Zaragoza,Saltillo,Saltillo,Colonia,12 de Octubre,25001
229,25088,Coahuila de Zaragoza,Saltillo,Saltillo,Colonia,La Esperanza,25001
230,25088,Coahuila de Zaragoza,Saltillo,Saltillo,Colonia,San Juanita,25001
231,25088,Coahuila de Zaragoza,Saltillo,Saltillo,Colonia,El Álamo II,25001
232,25088,Coahuila de Zaragoza,Saltillo,Saltillo,Colonia,Mario Ortiz Rodríguez,25001
233,25088,Coahuila de Zaragoza,Saltillo,Saltillo,Fraccionamiento,El Álamo,25001
234,25090,Coahuila de Zaragoza,Saltillo,Saltillo,Colonia,Lomas de Lourdes,25001
235,25090,Coahuila de Zaragoza,Saltillo,Saltillo,Fraccionamiento,Valle Dorado,25001
236,25092,Coahuila de Zaragoza,Saltillo,Saltillo,Colonia,Lomas de Santa Cruz,25001
237,25092,Coahuila de Zaragoza,Saltillo,Saltillo,Unidad habitacional,Humberto Dávila Esquivel,25001
238,25092,Coahuila de Zaragoza,Saltillo,Saltillo,Fraccionamiento,Villas de San Lorenzo,25001
239,25092,Coahuila de Zaragoza,Saltillo,Saltillo,Colonia,Las Huertas de Lourdes,25001
240,25093,Coahuila de Zaragoza,Saltillo,Saltillo,Fraccionamiento,Santa Mónica,25001
241,25093,Coahuila de Zaragoza,Saltillo,Saltillo,Colonia,Los Buitres,25001
242,25093,Coahuila de Zaragoza,Saltillo,Saltillo,Fraccionamiento,Colinas del Sur,25001
243,25093,Coahuila de Zaragoza,Saltillo,Saltillo,Colonia,10 de Mayo,25001
244,25093,Coahuila de Zaragoza,Saltillo,Saltillo,Fraccionamiento,Hacienda el Cortijo,25001
245,25093,Coahuila de Zaragoza,Saltillo,Saltillo,Colonia,Mesa de Lourdes,25001
246,25093,Coahuila de Zaragoza,Saltillo,Saltillo,Fraccionamiento,Portal del Sur,25001
247,25093,Coahuila de Zaragoza,Saltillo,Saltillo,Colonia,Ampliación Colinas del Sur,25001
248,25093,Coahuila de Zaragoza,Saltillo,Saltillo,Colonia,Los Buitres II,25001
249,25094,Coahuila de Zaragoza,Saltillo,Saltillo,Fraccionamiento,Monteverde Residencial,25001
250,25094,Coahuila de Zaragoza,Saltillo,Saltillo,Fraccionamiento,Paseo de la Estrella,25001
251,25094,Coahuila de Zaragoza,Saltillo,Saltillo,Fraccionamiento,Privadas la Estrella,25001
252,25094,Coahuila de Zaragoza,Saltillo,Saltillo,Fraccionamiento,Bosques de las Lomas Residencial,25001
253,25094,Coahuila de Zaragoza,Saltillo,Saltillo,Fraccionamiento,Cumbres Vista Residencial,25001
254,25094,Coahuila de Zaragoza,Saltillo,Saltillo,Fraccionamiento,Portal de las Lomas,25001
255,25096,Coahuila de Zaragoza,Saltillo,Saltillo,Colonia,Miguel Hidalgo,25001
256,25096,Coahuila de Zaragoza,Saltillo,Saltillo,Fraccionamiento,Vistas de Peña,25001
257,25096,Coahuila de Zaragoza,Saltillo,Saltillo,Fraccionamiento,Vistas de Peña Sur,25001
258,25096,Coahuila de Zaragoza,Saltillo,Saltillo,Colonia,María de León,25001
259,25096,Coahuila de Zaragoza,Saltillo,Saltillo,Colonia,Federico Berrueto Ramón Popular,25001
260,25096,Coahuila de Zaragoza,Saltillo,Saltillo,Fraccionamiento,Federico Berrueto Ramón,25001
261,25096,Coahuila de Zaragoza,Saltillo,Saltillo,Colonia,Lomas Verdes,25001
262,25097,Coahuila de Zaragoza,Saltillo,Saltillo,Colonia,Vicente Guerrero,25001
263,25097,Coahuila de Zaragoza,Saltillo,Saltillo,Colonia,Las Rosas,25001
264,25100,Coahuila de Zaragoza,Saltillo,Saltillo,Colonia,Nazario S Ortiz Garza,25001
265,25100,Coahuila de Zaragoza,Saltillo,Saltillo,Colonia,Industrial Valle de Saltillo,25001
266,25100,Coahuila de Zaragoza,Saltillo,Saltillo,Fraccionamiento,Hacienda San Rafael,25001
267,25100,Coahuila de Zaragoza,Saltillo,Saltillo,Colonia,Omega,25001
268,25100,Coahuila de Zaragoza,Saltillo,Saltillo,Colonia,La Purísima,25001
269,25107,Coahuila de Zaragoza,Saltillo,Saltillo,Colonia,Asturias,25001
270,25107,Coahuila de Zaragoza,Saltillo,Saltillo,Fraccionamiento,Portal de Asturias,25001
271,25107,Coahuila de Zaragoza,Saltillo,Saltillo,Colonia,Rincón de Asturias,25001
272,25107,Coahuila de Zaragoza,Saltillo,Saltillo,Fraccionamiento,Valle Verde Sector II,25001
273,25107,Coahuila de Zaragoza,Saltillo,Saltillo,Colonia,Nuevo México,25001
274,25110,Coahuila de Zaragoza,Saltillo,Saltillo,Fraccionamiento,Ciudad las Torres,25001
275,25110,Coahuila de Zaragoza,Saltillo,Saltillo,Fraccionamiento,Las Torres,25001
276,25110,Coahuila de Zaragoza,Saltillo,Saltillo,Colonia,Nuevo Atardecer,25001
277,25110,Coahuila de Zaragoza,Saltillo,Saltillo,Fraccionamiento,Portales,25001
278,25110,Coahuila de Zaragoza,Saltillo,Saltillo,Colonia,Evaristo Pérez Arreola,25001
279,25110,Coahuila de Zaragoza,Saltillo,Saltillo,Fraccionamiento,Valle de las Torres,25001
280,25110,Coahuila de Zaragoza,Saltillo,Saltillo,Colonia,Flora Ortega,25001
281,25110,Coahuila de Zaragoza,Saltillo,Saltillo,Fraccionamiento,El Rodeo,25001
282,25110,Coahuila de Zaragoza,Saltillo,Saltillo,Fraccionamiento,Valle Azteca,25001
283,25110,Coahuila de Zaragoza,Saltillo,Saltillo,Colonia,La Florencia,25001
284,25110,Coahuila de Zaragoza,Saltillo,Saltillo,Fraccionamiento,Valle de las Torres II,25001
285,25110,Coahuila de Zaragoza,Saltillo,Saltillo,Fraccionamiento,Balcones de las Torres,25001
286,25110,Coahuila de Zaragoza,Saltillo,Saltillo,Fraccionamiento,Valle Satélite,25001
287,25113,Coahuila de Zaragoza,Saltillo,Saltillo,Colonia,Satélite Sur,25001
288,25114,Coahuila de Zaragoza,Saltillo,Saltillo,Zona industrial,Parque Industrial las Torres,25001
289,25115,Coahuila de Zaragoza,Saltillo,Saltillo,Colonia,Satélite Norte,25001
290,25115,Coahuila de Zaragoza,Saltillo,Saltillo,Fraccionamiento,Santorini,25001
291,25115,Coahuila de Zaragoza,Saltillo,Saltillo,Fraccionamiento,Saltillo 2000,25001
292,25115,Coahuila de Zaragoza,Saltillo,Saltillo,Fraccionamiento,Portal de los Agaves,25001
293,25115,Coahuila de Zaragoza,Saltillo,Saltillo,Fraccionamiento,Portal del Quijote,25001
294,25115,Coahuila de Zaragoza,Saltillo,Saltillo,Fraccionamiento,San José de Flores,25001
295,25115,Coahuila de Zaragoza,Saltillo,Saltillo,Fraccionamiento,Portal del Pedregal,25001
296,25116,Coahuila de Zaragoza,Saltillo,Saltillo,Fraccionamiento,Valencia,25001
297,25116,Coahuila de Zaragoza,Saltillo,Saltillo,Fraccionamiento,Andalucía,25001
298,25116,Coahuila de Zaragoza,Saltillo,Saltillo,Colonia,San Isidro,25001
299,25117,Coahuila de Zaragoza,Saltillo,Saltillo,Fraccionamiento,Ankara Residencial,25001
300,25117,Coahuila de Zaragoza,Saltillo,Saltillo,Fraccionamiento,Triana,25001
301,25117,Coahuila de Zaragoza,Saltillo,Saltillo,Fraccionamiento,Privada Lantana,25001
302,25117,Coahuila de Zaragoza,Saltillo,Saltillo,Fraccionamiento,Privada Luxor,25001
303,25117,Coahuila de Zaragoza,Saltillo,Saltillo,Fraccionamiento,Villas Castellana,25001
304,25117,Coahuila de Zaragoza,Saltillo,Saltillo,Fraccionamiento,Real Ankara,25001
305,25117,Coahuila de Zaragoza,Saltillo,Saltillo,Fraccionamiento,El Rocal Residencial,25001
306,25117,Coahuila de Zaragoza,Saltillo,Saltillo,Fraccionamiento,Santa Fe,25001
307,25120,Coahuila de Zaragoza,Saltillo,Saltillo,Colonia,Francisco I Madero,25001
308,25123,Coahuila de Zaragoza,Saltillo,Saltillo,Colonia,Pedregal de los Santos Sur,25001
309,25123,Coahuila de Zaragoza,Saltillo,Saltillo,Colonia,Ejido Padres Santos,25001
310,25123,Coahuila de Zaragoza,Saltillo,Saltillo,Colonia,La Magueyada,25001
311,25123,Coahuila de Zaragoza,Saltillo,Saltillo,Colonia,Ejido la Vega,25001
312,25124,Coahuila de Zaragoza,Saltillo,Saltillo,Colonia,Las Cumbres,25001
313,25124,Coahuila de Zaragoza,Saltillo,Saltillo,Colonia,Rancho Flores,25001
314,25124,Coahuila de Zaragoza,Saltillo,Saltillo,Colonia,Loma Dorada,25001
315,25124,Coahuila de Zaragoza,Saltillo,Saltillo,Colonia,Ocho de Enero,25001
316,25124,Coahuila de Zaragoza,Saltillo,Saltillo,Fraccionamiento,Ignacio Allende,25001
317,25124,Coahuila de Zaragoza,Saltillo,Saltillo,Fraccionamiento,Residencial Rincón de San Vicente,25001
318,25125,Coahuila de Zaragoza,Saltillo,Saltillo,Colonia,Roma,25001
319,25125,Coahuila de Zaragoza,Saltillo,Saltillo,Colonia,Adolfo López Mateos,25001
320,25128,Coahuila de Zaragoza,Saltillo,Saltillo,Colonia,Josefa Ortiz de Domínguez,25001
321,25128,Coahuila de Zaragoza,Saltillo,Saltillo,Colonia,Puerto de Flores,25001
322,25128,Coahuila de Zaragoza,Saltillo,Saltillo,Colonia,1° de Mayo,25001
323,25130,Coahuila de Zaragoza,Saltillo,Saltillo,Colonia,Anáhuac,25001
324,25130,Coahuila de Zaragoza,Saltillo,Saltillo,Colonia,Antonio Cárdenas,25001
325,25130,Coahuila de Zaragoza,Saltillo,Saltillo,Colonia,Gustavo Espinosa Mireles,25001
326,25130,Coahuila de Zaragoza,Saltillo,Saltillo,Colonia,Isabel Amalia Dávila,25001
327,25137,Coahuila de Zaragoza,Saltillo,Saltillo,Colonia,Pueblo Insurgentes,25001
328,25137,Coahuila de Zaragoza,Saltillo,Saltillo,Colonia,Paraíso,25001
329,25137,Coahuila de Zaragoza,Saltillo,Saltillo,Fraccionamiento,Hacienda la Magueyada,25001
330,25138,Coahuila de Zaragoza,Saltillo,Saltillo,Colonia,González Norte,25001
331,25138,Coahuila de Zaragoza,Saltillo,Saltillo,Fraccionamiento,Altaria Residencial,25001
332,25138,Coahuila de Zaragoza,Saltillo,Saltillo,Fraccionamiento,Emilio Carranza,25001
333,25138,Coahuila de Zaragoza,Saltillo,Saltillo,Fraccionamiento,Valle Universidad,25001
334,25138,Coahuila de Zaragoza,Saltillo,Saltillo,Fraccionamiento,Privada Guadalupe,25001
335,25138,Coahuila de Zaragoza,Saltillo,Saltillo,Fraccionamiento,Cerrada Guadalupe,25001
336,25140,Coahuila de Zaragoza,Saltillo,Saltillo,Colonia,Cerro del Pueblo,25001
337,25140,Coahuila de Zaragoza,Saltillo,Saltillo,Colonia,Ejército Constitucionalista,25001
338,25140,Coahuila de Zaragoza,Saltillo,Saltillo,Colonia,Independencia,25001
339,25140,Coahuila de Zaragoza,Saltillo,Saltillo,Colonia,Panteones,25001
340,25140,Coahuila de Zaragoza,Saltillo,Saltillo,Fraccionamiento,Hacienda San Pablo,25001
341,25140,Coahuila de Zaragoza,Saltillo,Saltillo,Colonia,Las Mitras,25001
342,25140,Coahuila de Zaragoza,Saltillo,Saltillo,Colonia,Sierras del Poniente,25001
343,25140,Coahuila de Zaragoza,Saltillo,Saltillo,Colonia,Azteca,25001
344,25140,Coahuila de Zaragoza,Saltillo,Saltillo,Colonia,Valle de San Antonio,25001
345,25140,Coahuila de Zaragoza,Saltillo,Saltillo,Colonia,Campo Verde,25001
346,25140,Coahuila de Zaragoza,Saltillo,Saltillo,Colonia,Obrera,25001
347,25140,Coahuila de Zaragoza,Saltillo,Saltillo,Colonia,María Luisa,25001
348,25140,Coahuila de Zaragoza,Saltillo,Saltillo,Colonia,Antonio Cárdenas Sur,25001
349,25146,Coahuila de Zaragoza,Saltillo,Saltillo,Colonia,Oscar Flores Tapia,25001
350,25147,Coahuila de Zaragoza,Saltillo,Saltillo,Colonia,Loma Alta,25001
351,25150,Coahuila de Zaragoza,Saltillo,Saltillo,Colonia,Alfredo V Bonfil,25001
352,25150,Coahuila de Zaragoza,Saltillo,Saltillo,Colonia,Mirador,25001
353,25150,Coahuila de Zaragoza,Saltillo,Saltillo,Colonia,Universo,25001
354,25150,Coahuila de Zaragoza,Saltillo,Saltillo,Colonia,Valle de las Flores Popular,25001
355,25154,Coahuila de Zaragoza,Saltillo,Saltillo,Colonia,Ejido la Minita,25001
356,25155,Coahuila de Zaragoza,Saltillo,Saltillo,Colonia,Los Balcones,25001
357,25155,Coahuila de Zaragoza,Saltillo,Saltillo,Colonia,Puerto de la Virgen,25001
358,25155,Coahuila de Zaragoza,Saltillo,Saltillo,Colonia,Rincón de Guadalupe,25001
359,25155,Coahuila de Zaragoza,Saltillo,Saltillo,Colonia,Valle del Poniente,25001
360,25155,Coahuila de Zaragoza,Saltillo,Saltillo,Colonia,Las Margaritas,25001
361,25156,Coahuila de Zaragoza,Saltillo,Saltillo,Colonia,Francisco Villa,25001
362,25157,Coahuila de Zaragoza,Saltillo,Saltillo,Colonia,Los Fresnos,25001
363,25157,Coahuila de Zaragoza,Saltillo,Saltillo,Colonia,Valle Escondido,25001
364,25157,Coahuila de Zaragoza,Saltillo,Saltillo,Colonia,Valle Escondido Sur,25001
365,25157,Coahuila de Zaragoza,Saltillo,Saltillo,Colonia,Venustiano Carranza,25001
366,25160,Coahuila de Zaragoza,Saltillo,Saltillo,Colonia,Alameda,25001
367,25160,Coahuila de Zaragoza,Saltillo,Saltillo,Colonia,Del Valle,25001
368,25160,Coahuila de Zaragoza,Saltillo,Saltillo,Colonia,Zamora,25001
369,25160,Coahuila de Zaragoza,Saltillo,Saltillo,Colonia,Bordo Ferrocarril,25001
370,25160,Coahuila de Zaragoza,Saltillo,Saltillo,Fraccionamiento,Huerta los Pilares,25001
371,25160,Coahuila de Zaragoza,Saltillo,Saltillo,Fraccionamiento,Privada Quinta Narro,25001
372,25167,Coahuila de Zaragoza,Saltillo,Saltillo,Colonia,Guayulera Tierra y Esperanza,25001
373,25167,Coahuila de Zaragoza,Saltillo,Saltillo,Colonia,Ampliación Pacheco,25001
374,25167,Coahuila de Zaragoza,Saltillo,Saltillo,Colonia,Providencia,25001
375,25167,Coahuila de Zaragoza,Saltillo,Saltillo,Fraccionamiento,Privada Coahuila y Zacatecas,25001
376,25168,Coahuila de Zaragoza,Saltillo,Saltillo,Fraccionamiento,Privada Beta Centauro,25001
377,25169,Coahuila de Zaragoza,Saltillo,Saltillo,Colonia,Brisas del Valle,25001
378,25169,Coahuila de Zaragoza,Saltillo,Saltillo,Colonia,Unidad Modelo,25001
379,25170,Coahuila de Zaragoza,Saltillo,Saltillo,Colonia,El Bosque,25001
380,25170,Coahuila de Zaragoza,Saltillo,Saltillo,Colonia,La Minita,25001
381,25170,Coahuila de Zaragoza,Saltillo,Saltillo,Colonia,La Peñita,25001
382,25179,Coahuila de Zaragoza,Saltillo,Saltillo,Colonia,Los Cuernitos,25001
383,25180,Coahuila de Zaragoza,Saltillo,Saltillo,Colonia,Chamizal,25001
384,25180,Coahuila de Zaragoza,Saltillo,Saltillo,Colonia,Guayulera,25001
385,25180,Coahuila de Zaragoza,Saltillo,Saltillo,Colonia,Ruiz Cortines,25001
386,25186,Coahuila de Zaragoza,Saltillo,Saltillo,Colonia,San Miguel,25001
387,25186,Coahuila de Zaragoza,Saltillo,Saltillo,Colonia,El Edén,25001
388,25188,Coahuila de Zaragoza,Saltillo,Saltillo,Colonia,Río Verde,25001
389,25190,Coahuila de Zaragoza,Saltillo,Saltillo,Colonia,5 de Mayo,25001
390,25190,Coahuila de Zaragoza,Saltillo,Saltillo,Colonia,El Tanquecito,25001
391,25190,Coahuila de Zaragoza,Saltillo,Saltillo,Colonia,Providencia,25001
392,25193,Coahuila de Zaragoza,Saltillo,Saltillo,Colonia,Rincón de los Pastores,25001
393,25193,Coahuila de Zaragoza,Saltillo,Saltillo,Colonia,Héroes de Nacozari,25001
394,25194,Coahuila de Zaragoza,Saltillo,Saltillo,Colonia,Ignacio Zaragoza Popular,25001
395,25194,Coahuila de Zaragoza,Saltillo,Saltillo,Colonia,Valle Verde,25001
396,25194,Coahuila de Zaragoza,Saltillo,Saltillo,Colonia,Julieta Pérez,25001
397,25194,Coahuila de Zaragoza,Saltillo,Saltillo,Colonia,Diana Laura Riojas de Colosio,25001
398,25194,Coahuila de Zaragoza,Saltillo,Saltillo,Colonia,Los Berros,25001
399,25195,Coahuila de Zaragoza,Saltillo,Saltillo,Colonia,Patria Nueva,25001
400,25196,Coahuila de Zaragoza,Saltillo,Saltillo,Colonia,Santa Teresa,25001
401,25197,Coahuila de Zaragoza,Saltillo,Saltillo,Colonia,Ladrilleros,25001
402,25197,Coahuila de Zaragoza,Saltillo,Saltillo,Colonia,Los Rosarios Popular,25001
403,25197,Coahuila de Zaragoza,Saltillo,Saltillo,Colonia,La Esmeralda,25001
404,25197,Coahuila de Zaragoza,Saltillo,Saltillo,Colonia,La Joyita,25001
405,25197,Coahuila de Zaragoza,Saltillo,Saltillo,Fraccionamiento,El Morillo,25001
406,25197,Coahuila de Zaragoza,Saltillo,Saltillo,Colonia,La Romita,25001
407,25198,Coahuila de Zaragoza,Saltillo,Saltillo,Colonia,Los Pinos,25001
408,25199,Coahuila de Zaragoza,Saltillo,Saltillo,Colonia,San Isidro,25001
409,25200,Coahuila de Zaragoza,Saltillo,Saltillo,Colonia,Las Huertas,25001
410,25200,Coahuila de Zaragoza,Saltillo,Saltillo,Colonia,Los Rodríguez,25001
411,25200,Coahuila de Zaragoza,Saltillo,Saltillo,Fraccionamiento,Arboledas Residencial,25001
412,25200,Coahuila de Zaragoza,Saltillo,Saltillo,Fraccionamiento,Los Zendejos,25001
413,25200,Coahuila de Zaragoza,Saltillo,Saltillo,Fraccionamiento,La Rioja Terrán,25001
414,25200,Coahuila de Zaragoza,Saltillo,Saltillo,Fraccionamiento,La Rioja,25001
415,25200,Coahuila de Zaragoza,Saltillo,Saltillo,Fraccionamiento,Villanatura,25001
416,25200,Coahuila de Zaragoza,Saltillo,Saltillo,Fraccionamiento,Villas de Sayavedra,25001
417,25200,Coahuila de Zaragoza,Saltillo,Saltillo,Fraccionamiento,Jardines de Versalles,25001
418,25200,Coahuila de Zaragoza,Saltillo,Saltillo,Colonia,Las Cabañas,25001
419,25200,Coahuila de Zaragoza,Saltillo,Saltillo,Fraccionamiento,Villas del Ranchito,25001
420,25200,Coahuila de Zaragoza,Saltillo,Saltillo,Fraccionamiento,Rincón de Sayavedra,25001
421,25203,Coahuila de Zaragoza,Saltillo,Saltillo,Fraccionamiento,Las Magnolias,25001
422,25203,Coahuila de Zaragoza,Saltillo,Saltillo,Fraccionamiento,Jacarandas Jardín,25001
423,25203,Coahuila de Zaragoza,Saltillo,Saltillo,Colonia,Nuestra Señora de Fátima,25001
424,25204,Coahuila de Zaragoza,Saltillo,Saltillo,Fraccionamiento,Habita,25001
425,25204,Coahuila de Zaragoza,Saltillo,Saltillo,Colonia,Los González,25001
426,25204,Coahuila de Zaragoza,Saltillo,Saltillo,Fraccionamiento,San Alberto,25001
427,25204,Coahuila de Zaragoza,Saltillo,Saltillo,Fraccionamiento,Residencial San Patricio,25001
428,25204,Coahuila de Zaragoza,Saltillo,Saltillo,Colonia,El Portal,25001
429,25204,Coahuila de Zaragoza,Saltillo,Saltillo,Colonia,Privada Emilio Rodríguez,25001
430,25204,Coahuila de Zaragoza,Saltillo,Saltillo,Fraccionamiento,La Cantera Residencial,25001
431,25204,Coahuila de Zaragoza,Saltillo,Saltillo,Fraccionamiento,Habita II,25001
432,25204,Coahuila de Zaragoza,Saltillo,Saltillo,Fraccionamiento,La Joya,25001
433,25204,Coahuila de Zaragoza,Saltillo,Saltillo,Fraccionamiento,Albareda Residencial,25001
434,25204,Coahuila de Zaragoza,Saltillo,Saltillo,Fraccionamiento,Saqqara,25001
435,25204,Coahuila de Zaragoza,Saltillo,Saltillo,Fraccionamiento,Los Pinos,25001
436,25204,Coahuila de Zaragoza,Saltillo,Saltillo,Fraccionamiento,Valle Real,25001
437,25204,Coahuila de Zaragoza,Saltillo,Saltillo,Colonia,Villa Toscana,25001
438,25204,Coahuila de Zaragoza,Saltillo,Saltillo,Fraccionamiento,Villas de San Miguel,25001
439,25204,Coahuila de Zaragoza,Saltillo,Saltillo,Colonia,Los Siller,25001
440,25204,Coahuila de Zaragoza,Saltillo,Saltillo,Fraccionamiento,San Patricio Plus,25001
441,25204,Coahuila de Zaragoza,Saltillo,Saltillo,Fraccionamiento,San José Residencial,25001
442,25204,Coahuila de Zaragoza,Saltillo,Saltillo,Fraccionamiento,Hacienda San Jerónimo,25001
443,25204,Coahuila de Zaragoza,Saltillo,Saltillo,Fraccionamiento,Villas de Aranjuez,25001
444,25206,Coahuila de Zaragoza,Saltillo,Saltillo,Colonia,Jardines Coloniales,25001
445,25206,Coahuila de Zaragoza,Saltillo,Saltillo,Fraccionamiento,Las Quintas,25001
446,25206,Coahuila de Zaragoza,Saltillo,Saltillo,Fraccionamiento,Privada Coloniales,25001
447,25207,Coahuila de Zaragoza,Saltillo,Saltillo,Colonia,Los Algodones,25001
448,25207,Coahuila de Zaragoza,Saltillo,Saltillo,Fraccionamiento,Country Club Residencial,25001
449,25207,Coahuila de Zaragoza,Saltillo,Saltillo,Colonia,Puerta del Sol,25001
450,25207,Coahuila de Zaragoza,Saltillo,Saltillo,Fraccionamiento,El Suspiro,25001
451,25207,Coahuila de Zaragoza,Saltillo,Saltillo,Fraccionamiento,Valle Hermoso,25001
452,25207,Coahuila de Zaragoza,Saltillo,Saltillo,Fraccionamiento,Los Cedros Residencial,25001
453,25207,Coahuila de Zaragoza,Saltillo,Saltillo,Fraccionamiento,Albatros Residencial,25001
454,25208,Coahuila de Zaragoza,Saltillo,Saltillo,Fraccionamiento,Jardines del Campestre Residencial,25001
455,25208,Coahuila de Zaragoza,Saltillo,Saltillo,Fraccionamiento,Loma Blanca,25001
456,25208,Coahuila de Zaragoza,Saltillo,Saltillo,Fraccionamiento,Los Bosques,25001
457,25208,Coahuila de Zaragoza,Saltillo,Saltillo,Fraccionamiento,Vivennto Residencial,25001
458,25208,Coahuila de Zaragoza,Saltillo,Saltillo,Fraccionamiento,Nogalar del Campestre,25001
459,25208,Coahuila de Zaragoza,Saltillo,Saltillo,Fraccionamiento,Campestre Capellanía,25001
460,25209,Coahuila de Zaragoza,Saltillo,Saltillo,Colonia,Los Valdez,25001
461,25209,Coahuila de Zaragoza,Saltillo,Saltillo,Fraccionamiento,Villa San Juan,25001
462,25209,Coahuila de Zaragoza,Saltillo,Saltillo,Fraccionamiento,Rincón de los Adobes,25001
463,25209,Coahuila de Zaragoza,Saltillo,Saltillo,Fraccionamiento,Rincón de Alcántara,25001
464,25209,Coahuila de Zaragoza,Saltillo,Saltillo,Fraccionamiento,Sorrento,25001
465,25209,Coahuila de Zaragoza,Saltillo,Saltillo,Colonia,Lomas de Peña,25001
466,25209,Coahuila de Zaragoza,Saltillo,Saltillo,Colonia,San Juan Bautista,25001
467,25209,Coahuila de Zaragoza,Saltillo,Saltillo,Fraccionamiento,Torrealta Residencial,25001
468,25209,Coahuila de Zaragoza,Saltillo,Saltillo,Fraccionamiento,Rincón de los Encinos,25001
469,25209,Coahuila de Zaragoza,Saltillo,Saltillo,Fraccionamiento,Punta Bosque,25001
470,25209,Coahuila de Zaragoza,Saltillo,Saltillo,Colonia,La Poza,25001
471,25209,Coahuila de Zaragoza,Saltillo,Saltillo,Fraccionamiento,Peña Alta,25001
472,25209,Coahuila de Zaragoza,Saltillo,Saltillo,Fraccionamiento,Campestre la Poza,25001
473,25209,Coahuila de Zaragoza,Saltillo,Saltillo,Fraccionamiento,El Campanario,25001
474,25209,Coahuila de Zaragoza,Saltillo,Saltillo,Fraccionamiento,Las Misiones,25001
475,25209,Coahuila de Zaragoza,Saltillo,Saltillo,Fraccionamiento,Quinta Real,25001
476,25209,Coahuila de Zaragoza,Saltillo,Saltillo,Colonia,Los Arrayanes,25001
477,25209,Coahuila de Zaragoza,Saltillo,Saltillo,Fraccionamiento,Santa Rosa Residencial,25001
478,25209,Coahuila de Zaragoza,Saltillo,Saltillo,Fraccionamiento,Villa del Carmen Residencial,25001
479,25210,Coahuila de Zaragoza,Saltillo,Saltillo,Colonia,Hacienda de Peña,25001
480,25210,Coahuila de Zaragoza,Saltillo,Saltillo,Colonia,Las Brisas,25001
481,25210,Coahuila de Zaragoza,Saltillo,Saltillo,Fraccionamiento,Los Álamos,25001
482,25210,Coahuila de Zaragoza,Saltillo,Saltillo,Colonia,Nueva España,25001
483,25210,Coahuila de Zaragoza,Saltillo,Saltillo,Colonia,Rancho de Peña,25001
484,25210,Coahuila de Zaragoza,Saltillo,Saltillo,Fraccionamiento,Rivera del Valle,25001
485,25210,Coahuila de Zaragoza,Saltillo,Saltillo,Fraccionamiento,La Noria,25001
486,25210,Coahuila de Zaragoza,Saltillo,Saltillo,Fraccionamiento,Villa Vergel Residencial,25001
487,25210,Coahuila de Zaragoza,Saltillo,Saltillo,Fraccionamiento,Privadas de Santiago,25001
488,25210,Coahuila de Zaragoza,Saltillo,Saltillo,Fraccionamiento,Valle las Palmas,25001
489,25210,Coahuila de Zaragoza,Saltillo,Saltillo,Fraccionamiento,Oasis,25001
490,25215,Coahuila de Zaragoza,Saltillo,Saltillo,Colonia,Valle San Agustín,25001
491,25220,Coahuila de Zaragoza,Saltillo,Saltillo,Unidad habitacional,Río Bravo,25001
492,25220,Coahuila de Zaragoza,Saltillo,Saltillo,Colonia,Virreyes Obrera,25001
493,25220,Coahuila de Zaragoza,Saltillo,Saltillo,Colonia,Virreyes Popular,25001
494,25220,Coahuila de Zaragoza,Saltillo,Saltillo,Fraccionamiento,Residencial los Encinos,25001
495,25220,Coahuila de Zaragoza,Saltillo,Saltillo,Zona industrial,Zona Industrial,25001
496,25225,Coahuila de Zaragoza,Saltillo,Saltillo,Colonia,Virreyes Colonial,25001
497,25225,Coahuila de Zaragoza,Saltillo,Saltillo,Fraccionamiento,Brisas Poniente,25001
498,25225,Coahuila de Zaragoza,Saltillo,Saltillo,Zona industrial,Virreyes Industrial,25001
499,25230,Coahuila de Zaragoza,Saltillo,Saltillo,Colonia,Villa Olímpica,25001
500,25230,Coahuila de Zaragoza,Saltillo,Saltillo,Unidad habitacional,FOVISSSTE Virreyes,25001
501,25230,Coahuila de Zaragoza,Saltillo,Saltillo,Colonia,Virreyes Residencial,25001
502,25238,Coahuila de Zaragoza,Saltillo,Saltillo,Colonia,Valle de los Virreyes,25001
503,25239,Coahuila de Zaragoza,Saltillo,Saltillo,Colonia,Virreyes Pensiones,25001
504,25239,Coahuila de Zaragoza,Saltillo,Saltillo,Fraccionamiento,Cima de Virreyes Residencial,25001
505,25240,Coahuila de Zaragoza,Saltillo,Saltillo,Colonia,Kiosco,25001
506,25240,Coahuila de Zaragoza,Saltillo,Saltillo,Colonia,Jardín,25001
507,25240,Coahuila de Zaragoza,Saltillo,Saltillo,Colonia,La Salle,25001
508,25240,Coahuila de Zaragoza,Saltillo,Saltillo,Colonia,Privadas Luxemburgo,25001
509,25240,Coahuila de Zaragoza,Saltillo,Saltillo,Colonia,Santiago,25001
510,25240,Coahuila de Zaragoza,Saltillo,Saltillo,Fraccionamiento,San Luis,25001
511,25240,Coahuila de Zaragoza,Saltillo,Saltillo,Fraccionamiento,Villas de San Fernando,25001
512,25240,Coahuila de Zaragoza,Saltillo,Saltillo,Fraccionamiento,Villa Olímpica Oriente,25001
513,25250,Coahuila de Zaragoza,Saltillo,Saltillo,Colonia,Los Doctores,25001
514,25250,Coahuila de Zaragoza,Saltillo,Saltillo,Fraccionamiento,Villas de San Carlos,25001
515,25250,Coahuila de Zaragoza,Saltillo,Saltillo,Fraccionamiento,Villas de San Gabriel,25001
516,25250,Coahuila de Zaragoza,Saltillo,Saltillo,Fraccionamiento,Villas de San Isidro,25001
517,25253,Coahuila de Zaragoza,Saltillo,Saltillo,Colonia,Alpes Norte,25001
518,25253,Coahuila de Zaragoza,Saltillo,Saltillo,Colonia,Lagos Continental,25001
519,25253,Coahuila de Zaragoza,Saltillo,Saltillo,Fraccionamiento,Residencial los Reales,25001
520,25253,Coahuila de Zaragoza,Saltillo,Saltillo,Equipamiento,Centro de Investigación en Química Aplicada,25001
521,25254,Coahuila de Zaragoza,Saltillo,Saltillo,Fraccionamiento,San Isidro,25001
522,25256,Coahuila de Zaragoza,Saltillo,Saltillo,Colonia,Real de Peña,25001
523,25260,Coahuila de Zaragoza,Saltillo,Saltillo,Colonia,Insurgentes,25001
524,25260,Coahuila de Zaragoza,Saltillo,Saltillo,Colonia,Jardines del Valle,25001
525,25260,Coahuila de Zaragoza,Saltillo,Saltillo,Colonia,Los Maestros,25001
526,25260,Coahuila de Zaragoza,Saltillo,Saltillo,Colonia,Universidad,25001
527,25260,Coahuila de Zaragoza,Saltillo,Saltillo,Colonia,Privada Santa María,25001
528,25265,Coahuila de Zaragoza,Saltillo,Saltillo,Colonia,República Poniente,25001
529,25270,Coahuila de Zaragoza,Saltillo,Saltillo,Colonia,Cumbres,25001
530,25270,Coahuila de Zaragoza,Saltillo,Saltillo,Colonia,Latinoamericana,25001
531,25270,Coahuila de Zaragoza,Saltillo,Saltillo,Colonia,Alpes,25001
532,25270,Coahuila de Zaragoza,Saltillo,Saltillo,Colonia,Los Ángeles,25001
533,25277,Coahuila de Zaragoza,Saltillo,Saltillo,Colonia,Jardín Oriente,25001
534,25279,Coahuila de Zaragoza,Saltillo,Saltillo,Fraccionamiento,Residencial los Parques,25001
535,25280,Coahuila de Zaragoza,Saltillo,Saltillo,Colonia,El Olmo,25001
536,25280,Coahuila de Zaragoza,Saltillo,Saltillo,Colonia,Guanajuato,25001
537,25280,Coahuila de Zaragoza,Saltillo,Saltillo,Unidad habitacional,ISSSTE,25001
538,25280,Coahuila de Zaragoza,Saltillo,Saltillo,Colonia,Jardines del Lago,25001
539,25280,Coahuila de Zaragoza,Saltillo,Saltillo,Colonia,República,25001
540,25280,Coahuila de Zaragoza,Saltillo,Saltillo,Colonia,República Norte,25001
541,25280,Coahuila de Zaragoza,Saltillo,Saltillo,Colonia,República Oriente,25001
542,25280,Coahuila de Zaragoza,Saltillo,Saltillo,Colonia,Tecnológico,25001
543,25280,Coahuila de Zaragoza,Saltillo,Saltillo,Colonia,Rancho las Varas,25001
544,25284,Coahuila de Zaragoza,Saltillo,Saltillo,Colonia,Topo Chico,25001
545,25285,Coahuila de Zaragoza,Saltillo,Saltillo,Colonia,Joyas del Boulevard,25001
546,25286,Coahuila de Zaragoza,Saltillo,Saltillo,Colonia,Guanajuato Oriente,25001
547,25286,Coahuila de Zaragoza,Saltillo,Saltillo,Fraccionamiento,Los Adobes,25001
548,25290,Coahuila de Zaragoza,Saltillo,Saltillo,Colonia,América,25001
549,25290,Coahuila de Zaragoza,Saltillo,Saltillo,Colonia,Europa,25001
550,25290,Coahuila de Zaragoza,Saltillo,Saltillo,Colonia,Oceanía,25001
551,25290,Coahuila de Zaragoza,Saltillo,Saltillo,Colonia,Oceanía Boulevares,25001
552,25290,Coahuila de Zaragoza,Saltillo,Saltillo,Colonia,Saltillo 400,25001
553,25290,Coahuila de Zaragoza,Saltillo,Saltillo,Unidad habitacional,Valle de las Flores INFONAVIT,25001
554,25290,Coahuila de Zaragoza,Saltillo,Saltillo,Colonia,Privadas de Aragón,25001
555,25290,Coahuila de Zaragoza,Saltillo,Saltillo,Fraccionamiento,Portales de Aragón,25001
556,25290,Coahuila de Zaragoza,Saltillo,Saltillo,Fraccionamiento,Las Flores,25001
557,25290,Coahuila de Zaragoza,Saltillo,Saltillo,Colonia,Avícola,25001
558,25293,Coahuila de Zaragoza,Saltillo,Saltillo,Fraccionamiento,Real Hibernia,25001
559,25293,Coahuila de Zaragoza,Saltillo,Saltillo,Fraccionamiento,Villa Hibernia,25001
560,25293,Coahuila de Zaragoza,Saltillo,Saltillo,Fraccionamiento,Rincón del Cielo,25001
561,25293,Coahuila de Zaragoza,Saltillo,Saltillo,Fraccionamiento,Rinconada de la Hibernia,25001
562,25294,Coahuila de Zaragoza,Saltillo,Saltillo,Fraccionamiento,Terranova,25001
563,25294,Coahuila de Zaragoza,Saltillo,Saltillo,Fraccionamiento,Terralta,25001
564,25294,Coahuila de Zaragoza,Saltillo,Saltillo,Unidad habitacional,Magisterio Sección 38,25001
565,25294,Coahuila de Zaragoza,Saltillo,Saltillo,Colonia,Los Zacatones,25001
566,25294,Coahuila de Zaragoza,Saltillo,Saltillo,Zona industrial,Parque Industrial Cerritos,25001
567,25294,Coahuila de Zaragoza,Saltillo,Saltillo,Fraccionamiento,Visalta,25001
568,25294,Coahuila de Zaragoza,Saltillo,Saltillo,Fraccionamiento,El Sáuz,25001
569,25294,Coahuila de Zaragoza,Saltillo,Saltillo,Fraccionamiento,Santa Bárbara,25001
570,25294,Coahuila de Zaragoza,Saltillo,Saltillo,Colonia,San José de los Cerritos,25001
571,25294,Coahuila de Zaragoza,Saltillo,Saltillo,Fraccionamiento,Leandro Valle,25001
572,25294,Coahuila de Zaragoza,Saltillo,Saltillo,Colonia,Los Cerritos,25001
573,25294,Coahuila de Zaragoza,Saltillo,Saltillo,Fraccionamiento,Camino Real,25001
574,25294,Coahuila de Zaragoza,Saltillo,Saltillo,Zona industrial,Ex Hacienda los Cerritos,25001
575,25294,Coahuila de Zaragoza,Saltillo,Saltillo,Fraccionamiento,Hacienda Real,25001
576,25295,Coahuila de Zaragoza,Saltillo,Saltillo,Fraccionamiento,Residencial el Tapanco,25001
577,25295,Coahuila de Zaragoza,Saltillo,Saltillo,Colonia,Las Praderas,25001
578,25295,Coahuila de Zaragoza,Saltillo,Saltillo,Colonia,Las Margaritas,25001
579,25296,Coahuila de Zaragoza,Saltillo,Saltillo,Colonia,Bonanza,25001
580,25296,Coahuila de Zaragoza,Saltillo,Saltillo,Fraccionamiento,Bugambilias,25001
581,25296,Coahuila de Zaragoza,Saltillo,Saltillo,Colonia,La Florida,25001
582,25296,Coahuila de Zaragoza,Saltillo,Saltillo,Colonia,Nueva Aurora,25001
583,25296,Coahuila de Zaragoza,Saltillo,Saltillo,Colonia,Villas de la Aurora,25001
584,25296,Coahuila de Zaragoza,Saltillo,Saltillo,Fraccionamiento,Hacienda la Aurora Residencial,25001
585,25296,Coahuila de Zaragoza,Saltillo,Saltillo,Fraccionamiento,Cruz del Aire,25001
586,25296,Coahuila de Zaragoza,Saltillo,Saltillo,Fraccionamiento,Rincón de la Florida,25001
587,25296,Coahuila de Zaragoza,Saltillo,Saltillo,Fraccionamiento,La Rosa,25001
588,25296,Coahuila de Zaragoza,Saltillo,Saltillo,Fraccionamiento,Los Geranios,25001
589,25297,Coahuila de Zaragoza,Saltillo,Saltillo,Colonia,La Hibernia,25001
590,25297,Coahuila de Zaragoza,Saltillo,Saltillo,Fraccionamiento,Los Cipreses,25001
591,25297,Coahuila de Zaragoza,Saltillo,Saltillo,Colonia,Nueva Libertad,25001
592,25297,Coahuila de Zaragoza,Saltillo,Saltillo,Colonia,Los Tulipanes,25001
593,25297,Coahuila de Zaragoza,Saltillo,Saltillo,Fraccionamiento,Alcazar Residencial,25001
594,25297,Coahuila de Zaragoza,Saltillo,Saltillo,Fraccionamiento,Los Chabacanos,25001
595,25297,Coahuila de Zaragoza,Saltillo,Saltillo,Fraccionamiento,Gustavo Díaz Ordaz,25001
596,25297,Coahuila de Zaragoza,Saltillo,Saltillo,Fraccionamiento,La Fragua,25001
597,25297,Coahuila de Zaragoza,Saltillo,Saltillo,Fraccionamiento,Privada Tulipanes,25001
598,25297,Coahuila de Zaragoza,Saltillo,Saltillo,Fraccionamiento,Los Olivos Residencial,25001
599,25297,Coahuila de Zaragoza,Saltillo,Saltillo,Colonia,El Baluarte,25001
600,25297,Coahuila de Zaragoza,Saltillo,Saltillo,Fraccionamiento,El Rosario,25001
601,25297,Coahuila de Zaragoza,Saltillo,Saltillo,Fraccionamiento,Balcones de la Aurora,25001
602,25298,Coahuila de Zaragoza,Saltillo,Saltillo,Fraccionamiento,Portareal Residencial,25001
603,25298,Coahuila de Zaragoza,Saltillo,Saltillo,Fraccionamiento,Universidad la Salle,25001
604,25298,Coahuila de Zaragoza,Saltillo,Saltillo,Colonia,La Libertad el Puente,25001
605,25298,Coahuila de Zaragoza,Saltillo,Saltillo,Colonia,La Aurora,25001
606,25298,Coahuila de Zaragoza,Saltillo,Saltillo,Colonia,Los Manantiales,25001
607,25298,Coahuila de Zaragoza,Saltillo,Saltillo,Fraccionamiento,Las Canteras,25001
608,25298,Coahuila de Zaragoza,Saltillo,Saltillo,Fraccionamiento,Terrazas Residencial,25001
609,25298,Coahuila de Zaragoza,Saltillo,Saltillo,Fraccionamiento,Villas la Joya,25001
610,25298,Coahuila de Zaragoza,Saltillo,Saltillo,Colonia,La Libertad,25001
611,25298,Coahuila de Zaragoza,Saltillo,Saltillo,Colonia,La Trinidad,25001
612,25298,Coahuila de Zaragoza,Saltillo,Saltillo,Fraccionamiento,Real de Torrecillas Residencial,25001
613,25298,Coahuila de Zaragoza,Saltillo,Saltillo,Fraccionamiento,Villa Fontana,25001
614,25298,Coahuila de Zaragoza,Saltillo,Saltillo,Fraccionamiento,Tierra Santa Residencial,25001
615,25298,Coahuila de Zaragoza,Saltillo,Saltillo,Fraccionamiento,Lenna Residencial,25001
616,25298,Coahuila de Zaragoza,Saltillo,Saltillo,Fraccionamiento,Villa Colonial,25001
617,25298,Coahuila de Zaragoza,Saltillo,Saltillo,Fraccionamiento,Plaza Armillita,25001
618,25298,Coahuila de Zaragoza,Saltillo,Saltillo,Fraccionamiento,Bosques de la Aurora,25001
619,25298,Coahuila de Zaragoza,Saltillo,Saltillo,Fraccionamiento,Jardines del Plaza,25001
620,25298,Coahuila de Zaragoza,Saltillo,Saltillo,Fraccionamiento,Cerrada del Plaza,25001
621,25298,Coahuila de Zaragoza,Saltillo,Saltillo,Colonia,La Herradura,25001
622,25298,Coahuila de Zaragoza,Saltillo,Saltillo,Fraccionamiento,Privadas Plaza,25001
623,25298,Coahuila de Zaragoza,Saltillo,Saltillo,Fraccionamiento,La Escondida,25001
624,25298,Coahuila de Zaragoza,Saltillo,Saltillo,Fraccionamiento,Faena,25001
625,25298,Coahuila de Zaragoza,Saltillo,Saltillo,Fraccionamiento,Emiliano Zapata,25001
626,25298,Coahuila de Zaragoza,Saltillo,Saltillo,Fraccionamiento,San Ángel,25001
627,25298,Coahuila de Zaragoza,Saltillo,Saltillo,Fraccionamiento,Santa Cristina,25001
628,25298,Coahuila de Zaragoza,Saltillo,Saltillo,Colonia,La Palmilla,25001
629,25298,Coahuila de Zaragoza,Saltillo,Saltillo,Fraccionamiento,Rosales de la Aurora,25001
630,25298,Coahuila de Zaragoza,Saltillo,Saltillo,Colonia,La Cieneguita,25001
631,25298,Coahuila de Zaragoza,Saltillo,Saltillo,Colonia,San Luis,25001
632,25298,Coahuila de Zaragoza,Saltillo,Saltillo,Fraccionamiento,Real de Villas de la Aurora,25001
633,25298,Coahuila de Zaragoza,Saltillo,Saltillo,Fraccionamiento,El Toreo,25001
634,25298,Coahuila de Zaragoza,Saltillo,Saltillo,Colonia,Hacienda San Carlos,25001
635,25298,Coahuila de Zaragoza,Saltillo,Saltillo,Fraccionamiento,La Ciudadela,25001
636,25298,Coahuila de Zaragoza,Saltillo,Saltillo,Fraccionamiento,Los Molinos,25001
637,25298,Coahuila de Zaragoza,Saltillo,Saltillo,Colonia,Torrecillas y Ramones,25001
638,25298,Coahuila de Zaragoza,Saltillo,Saltillo,Fraccionamiento,Jardines de los Bosques,25001
639,25298,Coahuila de Zaragoza,Saltillo,Saltillo,Fraccionamiento,Residencial Plaza,25001
640,25298,Coahuila de Zaragoza,Saltillo,Saltillo,Colonia,San José Oriente,25001
641,25298,Coahuila de Zaragoza,Saltillo,Saltillo,Colonia,Conejo Ixtlero,25001
642,25298,Coahuila de Zaragoza,Saltillo,Saltillo,Fraccionamiento,Villa Bonita,25001
643,25298,Coahuila de Zaragoza,Saltillo,Saltillo,Fraccionamiento,Villas de San Sebastián,25001
644,25298,Coahuila de Zaragoza,Saltillo,Saltillo,Fraccionamiento,Rincones de la Aurora,25001
645,25298,Coahuila de Zaragoza,Saltillo,Saltillo,Colonia,Alondra,25001
646,25298,Coahuila de Zaragoza,Saltillo,Saltillo,Fraccionamiento,Villas de Guadalupe,25001
647,25298,Coahuila de Zaragoza,Saltillo,Saltillo,Fraccionamiento,Villas del Camino Real,25001
648,25298,Coahuila de Zaragoza,Saltillo,Saltillo,Fraccionamiento,Puerta del Rey,25001
649,25300,Coahuila de Zaragoza,Saltillo,,Ejido,Providencia,25001
650,25300,Coahuila de Zaragoza,Saltillo,,Ejido,San José de la Joya,25001
651,25300,Coahuila de Zaragoza,Saltillo,,Zona industrial,Parque Industrial Santa Mónica,25001
652,25300,Coahuila de Zaragoza,Saltillo,,Zona industrial,Parque Industrial Santa Fe,25001
653,25300,Coahuila de Zaragoza,Saltillo,,Zona industrial,Chrysler de México,25001
654,25301,Coahuila de Zaragoza,Saltillo,,Rancheria,El Clavel,25001
655,25301,Coahuila de Zaragoza,Saltillo,,Ejido,Hedionda del Lobo,25001
656,25301,Coahuila de Zaragoza,Saltillo,,Ejido,La Noria,25001
657,25302,Coahuila de Zaragoza,Saltillo,,Ejido,El Derramadero,25001
658,25302,Coahuila de Zaragoza,Saltillo,,Ejido,Santa Teresa de los Muchachos,25001
659,25302,Coahuila de Zaragoza,Saltillo,,Ejido,El Refugio de las Cajas,25001
660,25302,Coahuila de Zaragoza,Saltillo,,Rancho,La Pompa,25001
661,25302,Coahuila de Zaragoza,Saltillo,,Rancheria,El Campestre,25001
662,25303,Coahuila de Zaragoza,Saltillo,,Ejido,Rancho Nuevo,25001
663,25303,Coahuila de Zaragoza,Saltillo,,Ejido,Chapula,25001
664,25303,Coahuila de Zaragoza,Saltillo,,Ejido,San Blas,25001
665,25303,Coahuila de Zaragoza,Saltillo,,Ejido,Santa Rita,25001
666,25303,Coahuila de Zaragoza,Saltillo,,Ejido,San Eligio (Anexo Santa Teresa),25001
667,25303,Coahuila de Zaragoza,Saltillo,,Colonia,La Nogalera (San Alberto),25001
668,25304,Coahuila de Zaragoza,Saltillo,,Ejido,San Juan de la Vaquería,25001
669,25304,Coahuila de Zaragoza,Saltillo,,Zona industrial,Daimler Freightliner,25001
670,25304,Coahuila de Zaragoza,Saltillo,,Zona industrial,Parque Industrial Alianza Derramadero,25001
671,25305,Coahuila de Zaragoza,Saltillo,,Rancho,Pino Real [Fraccionamiento Campestre],25001
672,25305,Coahuila de Zaragoza,Saltillo,,Exhacienda,San José de los Cerritos,25001
673,25306,Coahuila de Zaragoza,Saltillo,,Ejido,Cuauhtémoc,25001
674,25306,Coahuila de Zaragoza,Saltillo,,Ejido,El Recreo,25001
675,25307,Coahuila de Zaragoza,Saltillo,,Ejido,La Encantada,25001
676,25307,Coahuila de Zaragoza,Saltillo,,Paraje,La Encantada [Estación],25001
677,25310,Coahuila de Zaragoza,Saltillo,,Rancho,El Caracol,25001
678,25310,Coahuila de Zaragoza,Saltillo,,Ejido,El Sauz,25001
679,25310,Coahuila de Zaragoza,Saltillo,,Ejido,Cinco de Mayo,25001
680,25311,Coahuila de Zaragoza,Saltillo,,Ejido,Cuautla,25001
681,25311,Coahuila de Zaragoza,Saltillo,,Ejido,La Majada y Tinaja,25001
682,25311,Coahuila de Zaragoza,Saltillo,,Ejido,Plan de Ayala,25001
683,25311,Coahuila de Zaragoza,Saltillo,,Ejido,Puebla,25001
684,25311,Coahuila de Zaragoza,Saltillo,,Colonia,El Paraíso,25001
685,25313,Coahuila de Zaragoza,Saltillo,,Ejido,Llanos de la Unión,25001
686,25313,Coahuila de Zaragoza,Saltillo,,Ejido,José María Morelos (Tanque Roto),25001
687,25315,Coahuila de Zaragoza,Saltillo,Saltillo,Colonia,Buenavista,25001
688,25315,Coahuila de Zaragoza,Saltillo,Saltillo,Ejido,La Angostura,25001
689,25315,Coahuila de Zaragoza,Saltillo,Saltillo,Colonia,Eulalio Gutiérrez Treviño,25001
690,25316,Coahuila de Zaragoza,Saltillo,,Rancheria,La Parcela 74,25001
691,25316,Coahuila de Zaragoza,Saltillo,,Colonia,La Magueyada,25001
692,25317,Coahuila de Zaragoza,Saltillo,,Ejido,Llanos de la Unión,25001
693,25317,Coahuila de Zaragoza,Saltillo,,Ejido,Ampliación Rincón de los Pastores,25001
694,25318,Coahuila de Zaragoza,Saltillo,,Ejido,Palma Gorda,25001
695,25320,Coahuila de Zaragoza,Saltillo,,Paraje,Agua Nueva [Estación],25001
696,25320,Coahuila de Zaragoza,Saltillo,,Ejido,El Jagüey de Ferniza,25001
697,25320,Coahuila de Zaragoza,Saltillo,,Zona industrial,Parque Industrial Derramadero,25001
698,25320,Coahuila de Zaragoza,Saltillo,,Colonia,La Peñita,25001
699,25321,Coahuila de Zaragoza,Saltillo,,Ejido,Santa Fe de los Linderos,25001
700,25321,Coahuila de Zaragoza,Saltillo,,Ejido,Santa Fe de los Linderos (Sector 2),25001
701,25322,Coahuila de Zaragoza,Saltillo,,Ejido,Hedionda Grande,25001
702,25324,Coahuila de Zaragoza,Saltillo,,Ejido,Agua Nueva,25001
703,25324,Coahuila de Zaragoza,Saltillo,,Rancho,Los Ángeles,25001
704,25325,Coahuila de Zaragoza,Saltillo,,Paraje,Estación Carneros,25001
705,25325,Coahuila de Zaragoza,Saltillo,,Ejido,Las Colonias,25001
706,25326,Coahuila de Zaragoza,Saltillo,,Ejido,Buñuelos,25001
707,25326,Coahuila de Zaragoza,Saltillo,,Ejido,San Felipe,25001
708,25327,Coahuila de Zaragoza,Saltillo,,Ejido,Tanque de Emergencia,25001
709,25328,Coahuila de Zaragoza,Saltillo,,Ejido,El Cercado,25001
710,25328,Coahuila de Zaragoza,Saltillo,,Ejido,Puyas y las Hormigas (Las Hormigas),25001
711,25329,Coahuila de Zaragoza,Saltillo,,Ejido,La Esperanza (Las Puyas),25001
712,25329,Coahuila de Zaragoza,Saltillo,,Ejido,San José del Alamito,25001
713,25329,Coahuila de Zaragoza,Saltillo,,Ejido,El Venado (Profesor Roberto Barrios),25001
714,25330,Coahuila de Zaragoza,Saltillo,,Paraje,Estación el Fraile,25001
715,25330,Coahuila de Zaragoza,Saltillo,,Ejido,La India,25001
716,25331,Coahuila de Zaragoza,Saltillo,,Rancho,Santa Anita,25001
717,25331,Coahuila de Zaragoza,Saltillo,,Ejido,Santa Victoria,25001
718,25332,Coahuila de Zaragoza,Saltillo,,Ejido,Astillero,25001
719,25332,Coahuila de Zaragoza,Saltillo,,Ejido,Palmas Altas,25001
720,25332,Coahuila de Zaragoza,Saltillo,,Ejido,Tinajuela,25001
721,25333,Coahuila de Zaragoza,Saltillo,,Ejido,Zacatera,25001
722,25333,Coahuila de Zaragoza,Saltillo,,Ejido,Refugio de Altamira,25001
723,25334,Coahuila de Zaragoza,Saltillo,,Ejido,Benito Juárez,25001
724,25334,Coahuila de Zaragoza,Saltillo,,Ejido,El Mezquite,25001
725,25334,Coahuila de Zaragoza,Saltillo,,Ejido,El Salitre,25001
726,25334,Coahuila de Zaragoza,Saltillo,,Ejido,Guadalupe Victoria,25001
727,25334,Coahuila de Zaragoza,Saltillo,,Ejido,Las Mangas,25001
728,25334,Coahuila de Zaragoza,Saltillo,,Ejido,Potrero de San Pedro,25001
729,25335,Coahuila de Zaragoza,Saltillo,,Rancheria,Gomez Farias,25001
730,25335,Coahuila de Zaragoza,Saltillo,,Ejido,San Miguel (San Miguel del Banco),25001
731,25335,Coahuila de Zaragoza,Saltillo,,Ejido,La Puerta (Anexo San Miguel del Banco),25001
732,25336,Coahuila de Zaragoza,Saltillo,,Ejido,Presa de los Muchachos,25001
733,25336,Coahuila de Zaragoza,Saltillo,,Ejido,San Francisco del Ejido,25001
734,25336,Coahuila de Zaragoza,Saltillo,,Ejido,San Juan del Retiro,25001
735,25336,Coahuila de Zaragoza,Saltillo,,Ejido,Nuevo Gomez Farias,25001
736,25336,Coahuila de Zaragoza,Saltillo,,Ejido,La Cuchilla,25001
737,25337,Coahuila de Zaragoza,Saltillo,,Ejido,El Colorado,25001
738,25337,Coahuila de Zaragoza,Saltillo,,Ejido,El Rayado,25001
739,25337,Coahuila de Zaragoza,Saltillo,,Ejido,Presa de Guadalupe,25001
740,25337,Coahuila de Zaragoza,Saltillo,,Ejido,El Porvenir,25001
741,25338,Coahuila de Zaragoza,Saltillo,,Ejido,Jazminal,25001
742,25338,Coahuila de Zaragoza,Saltillo,,Ejido,Punta Santa Elena,25001
743,25340,Coahuila de Zaragoza,Saltillo,,Ejido,Presa de San Pedro,25001
744,25340,Coahuila de Zaragoza,Saltillo,,Ejido,Santa Rosa,25001
745,25343,Coahuila de Zaragoza,Saltillo,,Ejido,Encarnacion de Guzman,25001
746,25343,Coahuila de Zaragoza,Saltillo,,Rancho,San Isidro,25001
747,25343,Coahuila de Zaragoza,Saltillo,,Ejido,Tanque Escondido,25001
748,25343,Coahuila de Zaragoza,Saltillo,,Colonia,Puerto Rocamontes,25001
749,25344,Coahuila de Zaragoza,Saltillo,,Paraje,Santa Elena (Estacion),25001
750,25344,Coahuila de Zaragoza,Saltillo,,Ejido,La Colonia de San Sebastián,25001
751,25345,Coahuila de Zaragoza,Saltillo,,Ejido,Presa de San Javier,25001
752,25346,Coahuila de Zaragoza,Saltillo,,Ejido,La Purísima,25001
753,25347,Coahuila de Zaragoza,Saltillo,,Ejido,La Ventura,25001
754,25347,Coahuila de Zaragoza,Saltillo,,Ejido,Tanque del Cerro,25001
755,25348,Coahuila de Zaragoza,Saltillo,,Ejido,El Ranchito,25001
